gid,co_cep,uf,cidade,no_fantasia,no_bairro,nu_endereco,no_logradouro,nu_telefone,ano_upa_func,mes_upa_func,fonte_recurso,porte,longitude,latitude
2680017,,RO,Porto Velho,UPA ZONA SUL,COHAB FLORESTA,S/N,RUA URTIGA VERMELHA COM JATUARANA,(69)2271083,2015,10,MS,2,-63.87795031,-8.787617415
6008054,32041-440,MG,Contagem,UNIDADE DE PRONTO ATENDIMENTO UNIDADE XVI UPA XVI,CENTRO,47,JOAQUIM CAMARGO,33987036,2015,10,MS,2,-44.08074,-19.91056
7136552,24120-395,RJ,Niterói,SES RJ UPA 24 H FONSECA,FONSECA,107,RUA SA BARRETO,21-26257807,2015,10,MS,3,-43.104,-22.883
7550049,,SP,São José dos Campos,UPA PUTIM,PUTIM,1035,AVENIDA JOAO RODOLFO CASTELLI,012 39291019,2015,10,MS,3,-45.83241016,-23.24508724
6926177,23535-808,RJ,Rio de Janeiro,SMS UPA 24 H SEPETIBA AP 53,SEPETIBA,S/N,RUA RAFAEL FERREIRA,,2015,10,MS,2,-43.67113,-22.92296
6646034,26041-271,RJ,Nova Iguaçu,SES RJ UPA NOVA IGUACU II,TRES CORACOES,S/N,ESTRADA DE ADRIANOPOLIS,26572996,2015,10,MS,3,-43.45155,-22.75976
7522738,,SP,Cotia,UPA ATALAIA DRA RITA DE CASSIA SORIO,ATALAIA,623,ESTRADA DO MORRO GRANDE,1146164055,2015,10,MS,2,-46.92260742,-23.60677861
7023049,87112610,PR,Sarandi,UNIDADE DE PRONTO ATENDIMENTO,JD CASTELO,286,JOSE MUNHOZ,(44) 3042-0506,2015,10,MS,1,-51.87697,-23.43665
6535798,,SP,São Bernardo do Campo,UPA DEMARCHI BATISTINI,DEMARCHI,303,RUA VALDOMIRO LUIZ,4368-4333,2015,10,MS,2,-46.56417656,-23.74457135
6972497,,PR,Apucarana,UPA UNIDADE DE PRONTO ATENDIMENTO DE APUCARANA PR,CENTRO,1755,RUA CLOTARIO PORTUGAL,4339011058,2015,10,MS,2,-51.45721436,-23.56398713
7476469,,BA,Salvador,UPA 24H VALERIA,VALERIA,S/N,RUA DO LAVRADOR,(71) 3500-2600,2015,10,MS,3,-38.42941793,-12.8709876
6661904,21310-190,RJ,Rio de Janeiro,SMS UPA 24H MADUREIRA AP 33,MADUREIRA,S/N,PRACA DOS LAVRADORES,2133582994,2015,10,MS,3,-43.34925525,-22.88168078
7471777,,SP,Americana,UPA SAO JOSE,JD SAO JOSE,2310,AV DE CILLO,19 34612517,2015,10,MS,1,-47.34147671,-22.76331465
6851304,,MA,São Luís,UPA VINHAIS,VINHAIS,S/N,AVENIDA 02,(98) 2367535,2015,10,MS,3,-44.30682,-2.53073
7443382,,BA,Simões Filho,UPA SIMOES FILHO,CIA I,S/N,AVENIDA ELMO SEREJO DE FARIAS,,2015,10,MS,2,-38.40237,-12.78401
6631169,20730-460,RJ,Rio de Janeiro,SMS UPA 24 H ENGENHO DE DENTRO AP 32,ENGENHO DE DENTRO,S/N,RUA BERNARDO,,2015,10,MS,3,-43.30037467,-22.90297668
6038891,20961-150,RJ,Rio de Janeiro,SES RJ UPA 24H ENGENHO NOVO AP 32,ENGENHO NOVO,70,RUA SOUZA BARROS,2332-2349,2015,10,MS,3,-43.26387,-22.89956
7433530,,MS,Três Lagoas,UPA UNIDADE DE PRONTO ATENDIMENTO 24H,PARQUE SAO CARLOS,1855,RUA IRMAOS SPINELLI,67 3929-1254,2015,10,MS,2,-51.6796875,-20.75418762
23582,31515-000,MG,Belo Horizonte,UNIDADE DE PRONTO ATENDIMENTO VENDA NOVA,VENDA NOVA,322,RUA PADRE PEDRO PINTO,(31)32775438,2015,10,MS,3,-43.95405,-19.81775
7267096,72874-218,GO,Valparaíso de Goiás,UPA D ZILDA ARNS,PARQUE MARAJO,5,PRACA KATIA ENTREQUADRAS 25 26 PARQUE MARAJO,,2015,10,MS,2,-47.97467977,-16.11000361
3340821,88052-800,SC,Florianópolis,UNIDADE DE PRONTO ATENDIMENTO UPA NORTE DA ILHA,CANASVIEIRAS,0,ROD FRANCISCO FAUSTINO MARTINS,(48) 32610623,2015,10,MS,3,-48.38723,-27.44014
2054728,,SP,Piracicaba,UPA VILA REZENDE DR ALFREDO J DE C NEVES PIRACICABA,VILA REZENDE,350,AVENIDA CONCEICAO,(19) 3421-1439,2015,10,MS,1,-47.65828,-22.70447
6964370,,PB,Guarabira,UPA UNIDADE DE PRONTO ATENDIMENTO DE GUARABIRA,CONJUNTO PRO MARADIA,S/N,RODOVIA PB 57,,2015,10,MS,1,-35.49,-6.855
6635903,,RJ,Macaé,UPA UNIDADE DE PRONTO ATENDIMENTO BARRA,BARRA DE MACAE,S/N,AV AMARAL PEIXOTO,22 27623260,2015,10,MS,3,-41.78033,-22.36942
6038913,21070-061,RJ,Rio de Janeiro,SES UPA 24H PENHA AP 31,PENHA,S/N,AVENIDA LOBO JUNIOR,2334-7859,2015,10,MS,3,-43.27917,-22.83169
2639556,,PR,Curitiba,UPA SITIO CERCADO,SITIO CERCADO,158,RUA LEVY BUQUERA,041-3378-6405,2015,10,MS,3,-49.26863,-25.52866
7066953,88310-690,SC,Itajaí,UNIDADE DE PRONTO ATENDIMENTO UPA 24H,CORDEIROS,S/N,RUA ENEDINA DAVILA FERREIRA,4732495500,2015,10,MS,1,-48.67497,-26.90941
2755289,,TO,Palmas,UNIDADE DE PRONTO ATENDIMENTO NORTE,PLANO DIRETOR NORTE,S/N,203 NORTE ALAMEDA LO 06 APM 02,(63) 32185110,2015,10,MS,2,-48.33171,-10.16889
7065507,24800-000,RJ,Itaboraí,SES RJ UPA 24H ITABORAI,MANILHA,S/N,RODOVIA BR 493,26359511,2015,10,MS,3,-42.859,-22.744
7592477,,DF,Brasília,UPA SOBRADINHO,SOBRADINHO II,1,DF 420 KM2 COMPLEXO DE SAUDE,,2015,10,MS,3,-47.92463,-15.77463
2061562,09330-350,SP,Mauá,UPA BARAO DE MAUA,JARDIM MARINGA,3567,AV BARAO DE MAUA,(11)4546-2872,2015,10,MS,2,-46.42463923,-23.66941094
7148984,44695-000,BA,Capim Grosso,UPA UNIDADE DE PRONTO ATENDIMENTO CAPIM GROSSO,NOVO OESTE,S/N,AV JOAO DAMASCENDO,36511509,2015,10,MS,1,-40.013,-11.381
7110162,21540-520,RJ,Rio de Janeiro,SMS UPA 24H ROCHA MIRANDA AP 33,ROCHA MIRANDA,S/N,ESTRADA DO BARRO VERMELHO,35141487,2015,10,MS,3,-43.34659249,-22.85137552
7052251,,PB,Campina Grande,UPA 24 HORAS DR MAIA,ALTO BRANCO,S/N,AV MANOEL TAVARES,83 33412079,2015,10,MS,3,-35.881,-7.231
7134665,,SP,Hortolândia,UPA MANOEL GEORGINO LOPES,JD NOVA HORTOLANDIA,185,RUA JOSE MARTIM DOS ANJOS,,2015,10,MS,1,-47.22,-22.858
7396805,,CE,São Gonçalo do Amarante,UNIDADE DE PRONTO ATENDIMENTO DE SAO GONCALO DO AMARANTE,PECEM,S/N,RUA DO CAJUEIRO,(85)3315-1111,2015,10,MS,2,-38.96768,-3.60441
6038905,23055-002,RJ,Rio de Janeiro,SES RJ UPA 24H CAMPO GRANDE II,CAMPO GRANDE,S/N,AVENIDA CESARIO DE MELO,24150665,2015,10,MS,3,-43.53738,-22.89346
6742017,,RN,Macaíba,UNIDADE DE PRONTO ATENDIMENTO MACAIBA UPA,ESTRADA DE JUNDIAI,100,AVENIDA JUNDIAI,(84)3271-4204,2015,10,MS,1,-35.34765244,-5.86330514
6903665,24722-525,RJ,São Gonçalo,SES RJ UPA 24H SAO GONCALO II,SAO GONCALO,S/N,AVENIDA BISPO DOM JOAO DA MATA,,2015,10,MS,3,-43.05591,-22.8278
7278888,670000-000,PA,Ananindeua,UNIDADE DE PRONTO ATENDIMENTO UPA II,ICUI GUAJARA,S/N,ESTRADA DO ICUI GUAJARA,,2015,10,MS,2,-48.41012224,-1.335428632
6716911,20211-030,RJ,Rio de Janeiro,SMS COORD DE EMERGENCIA REGIONAL CER CENTRO AP 10,CENTRO,S/N,RUA FREI CANECA,21-25071311,2015,10,MS,3,-43.19077961,-22.90949562
7417659,35164-500,MG,Ipatinga,UPA JOSE ISABEL DE NASCIMENTO,CANAA,820,AVENIDA GERASA,,2015,10,MS,3,-42.53537,-19.46768
6716938,22775-002,RJ,Rio de Janeiro,SMS COORD DE EMERGENCIA REGIONAL CER BARRA AP 40,BARRA DA TIJUCA,2000,AVENIDA AYRTON SENNA,35507060,2015,10,MS,3,-43.3653143,-22.99476193
6037526,22730-522,RJ,Rio de Janeiro,SES RJ UPA 24H JACAREPAGUA,TAQUARA,20,RUA ANDRE ROCHA,23336536,2015,10,MS,3,-43.36905,-22.92353
7429991,06765-290,SP,Taboão da Serra,UPA DR AKIRA TADA,JARDIM HENRIQUETA,2400,ESTRADA SAO FRANCISCO,47873020 / 47018153,2015,10,MS,3,-46.77804647,-23.61537979
7409354,15775-000,SP,Santa Fé do Sul,UPA DR JOSE ROBERTO LOPES FERRAZ,CENTRO,800,RUA UM,17- 36311015,2015,10,MS,1,-50.92829883,-20.21456267
7549156,,PR,Ponta Grossa,UNIDADE DE PRONTO ATENDIMENTO UPA SANTA PAULA,SANTA PAULA,S/N,RUA NICOLAU KLUPPEL NETO,42-32363339,2015,10,MS,2,-50.20158941,-25.10228686
6631819,,PE,Caruaru,UPA CARUARU,INDIANOPOLIS,S/N,AVENIDA JOSE MARQUES FONTES,8737277814,2015,10,MS,3,-35.96166,-8.30264
2466422,,ES,Guarapari,UPA II DR JOAO BATISTA DE ALMEIDA NETO,IPIRANGA,S/N,RUA CACHOEIRO DO ITAPEMIRIM,(27)3362 8325,2015,10,MS,2,-40.5057,-20.67684
7130538,19.911-205,SP,Ourinhos,UPA UNIDADE DE PRONTO ATENDIMENTO OURINHOS,VILA SAO LUIZ,545,RUA CELESTINO LOPES BAHIA,1433262494,2015,10,MS,2,-49.871,-22.979
7706766,,SP,São José do Rio Preto,UPA TANGARA ESTORIL,SAO FRANCISCO,384,AVENIDA GETULIO VARGAS,17-32224184,2015,10,MS,1,-49.37445097,-20.83989476
6864651,25561-162,RJ,São João de Meriti,,,,,,2015,10,MS,3,-43.35563,-22.77563
7031882,33.200-000,MG,Vespasiano,VESPASIANO UPA 24 HORAS PREFEITO LUIZ ISSA,CENTRO,S/N,AV PREFEITO SEBASTIAO FERNANDES,,2015,10,MS,3,-43.926,-19.68639
7093284,,MG,Uberaba,UNIDADE PRONTO ATENDIMENTO DR HUMBERTO FERREIRA UPA MIRANTE,PARQUE DO MIRANTE,534,AV LEOPOLDINO DE OLIVEIRA,34 3332-0209,2015,10,MS,3,-47.932,-19.748
2189852,32310-210,MG,Contagem,UNIDADE PRONTO ATENDIMENTO GERALDO PINTO VIEIRA UPA JK,ELDORADO,780,AVENIDA JOAO CESAR DE OLIVEIRA,(31)3395-4677,2015,10,MS,3,-44.03532,-19.94012
2485958,29176-206,ES,Serra,UPA 24 HORAS SERRA,CENTRO SERRA,S/N,AVENIDA JONES DOS SANTOS NEVES,32.918.837,2015,10,MS,3,-40.30800104,-20.12903171
2126001,32670-505,MG,Betim,UNIDADE A I SETE DE SETEMBRO,CHACARA,441,AVENIDA BANDEIRANTES,(31)3531.3930,2015,10,MS,3,-44.18887,-19.96376
2438917,,PR,Curitiba,UPA BOQUEIRAO,BOQUEIRAO,2590,RUA PROFA MARIA ASSUMPCAO,41- 3217-1201,2015,10,MS,3,-49.24547,-25.49342
7278438,18400-020,SP,Itapeva,UNIDADE DE PRONTO ATENDIMENTO UPA PORTE 1,CENTRO,S/N,PRACA ESPIRIDIAO LUCIO MARTINS,15 35213242,2015,10,MS,1,-48.87723113,-23.98717079
7130341,18900-000,SP,Santa Cruz do Rio Pardo,UPA DR FABIO AUGUSTO CARMO ZACURA SCRPARDO,ESTACAO,S/N,R GASTAO VIDIGAL ESQ C FRANCISCO DE ABREU SODRE,(014)3332-2790,2015,10,MS,1,-49.633,-22.899
7633149,,BA,Salvador,UPA 24H VALE DOS BARRIS,BARRIS,S/N,PRACA JOAO MANGABEIRA ROTULA AV VALE DOS BARRIS,(71) 3221-0811/0810,2015,10,MS,3,-38.51263078,-12.98697484
7326823,87035-260,PR,Cambé,UNIDADE DE PRONTO ATENDIMENTO SILVIA MANTOVANI,JD TUPI,479,RUA CARAJAS,3174-0552,2015,10,MS,2,-51.27834332,-23.27694614
7709196,,AP,Macapá,UNIDADE DE PRONTO ATENDIMENTO TIPO I UPA,NOVO HORIZONTE,S/N,RUA FERNANDO ALVES DE OLIVEIRA,,2015,10,MS,1,-51.04697853,0.09760983039
6037569,21610-330,RJ,Rio de Janeiro,SES RJ UPA 24H MARECHAL HERMES,MAL HERMES,S/N,RUA XAVIER CURADO,30165844,2015,10,MS,3,-43.37668,-22.86855
7595905,,RJ,Nova Iguaçu,UPA 24H MUNICIPAL DE COMENDADOR SOARES,COMENDADOR SOARES,221,RUA DOS QUARTEIS,,2015,10,MS,3,-43.49590838,-22.74400318
6867294,,RS,Novo Hamburgo,UPA 24 HORAS CANUDOS NH IRMAO ANTONIO BORTOLINI,CANUDOS,12,RUA BARTOLOMEU DE GUSMAO,51 30971317,2015,10,MS,2,-51.13254,-29.68951
7463030,,SP,Bragança Paulista,UPA UNIDADE DE PRONTO ATENDIMENTO 24H BRAGANCA PAULISTA,VILA DAVID,S/N,RUA SEBASTIAO CICERO FRANCO,11-40316223,2015,10,MS,3,-46.53859,-22.95119
7697422,14716038,SP,Bebedouro,UPA DE BEBEDOURO,JARDIM JULIA,0,RUA LUIZ BRUNELLI,(17) 3344-8100,2015,10,MS,2,-48.47429,-20.94316
7458606,,AM,Manaus,UPA CAMPOS SALLES,TARUMA,649,RUA DONA OTILIA,9232499050,2015,10,MS,3,-59.9999329,-2.9644832
7111606,44380-000,BA,Cruz das Almas,UNIDADE DE PRONTO ATENDIMENTO 24H UPA I,ITAPICURU,110,AVENIDA CARMELITO BARBOSA ALVES,,2015,10,MS,1,-39.11453846,-12.66346964
6488714,25950-000,RJ,Teresópolis,UPA 24HS UNIDADE DE PRONTO ATENDIMENTO NATHAN GARCIA LEITAO,VARZEA,S/N,RUA TENENTE LUIZ MEIRELLES,,2015,10,MS,3,-42.97096,-22.41676
7058284,,PB,Monteiro,UPA JOAQUINA PIRES BARBOSA HENRIQUE,CENTRO,S/N,LOTEAMENTO RESIDENCE ALTIPLANO,83 88298453,2015,10,MS,1,-37.11041629,-7.897740555
6931960,65400-000,MA,Codó,UPA CODO,SANTA TEREZINHA,S/N,RUA SANTA RITA,,2015,10,MS,2,-43.87886,-4.45494
7113218,09020-000,SP,Santo André,UPA CENTRO,CENTRO,129,RUA AGENOR DE CARMARGO,49947651,2015,10,MS,2,-46.52616609,-23.66313033
7376421,,RS,Canoas,UPA 24 HORAS GUAJUVIRAS,ESTANCIA VELHA,2901,AVENIDA BOQUEIRAO,51 21021129,2015,10,MS,1,-51.184,-29.918
6909663,25655-006,RJ,Petrópolis,UPA CENTRO UNIDADE DE PRONTO ATENDIMENTO,CENTRO,600,RUA WASHINGTON LUIZ,2243-6706,2015,10,MS,3,-43.17804,-22.50474
7317719,,PR,Arapongas,UPA UNIDADE DE PRONTO ATENDIMENTO,JARDIM CARAVELLE,S/N,TICO TICO REI,43 39021238,2015,10,MS,2,-51.46794531,-23.40639777
7460953,,CE,Iguatu,UNIDADE DE PRONTO ATENDIMENTO DE IGUATU UPA,PARANA,S/N,RUA 25 DE MARCO,,2015,10,MS,1,-39.29265,-6.35576
3331326,,TO,Gurupi,UPA DR MARCIA MUCKY,JARDIM SAO LUCAS,99,AVENIDA FERNANDO DE NORONHA,(63)3315-0027,2015,10,MS,2,-49.08487558,-11.72662116
6038883,21735-320,RJ,Rio de Janeiro,SES RJ UPA 24H REALENGO,REALENGO,S/N,RUA MARECHAL JOAQUIM INACIO,24019382,2015,10,MS,3,-43.43149,-22.87418
7169159,,PR,Lapa,UPA DR DARCY COSTA,VILA DO PRINCIPE,515,AVENIDA JUSCELINO KUBITSCHEK OLIVEIRA,41 39111030,2015,10,MS,1,-49.72786609,-25.76733331
7015887,97045070,RS,Santa Maria,UPA 24 H SANTA MARIA RS,PERPETUO SOCORRO,188,RUA ARY LAGRANHA DOMINGUES,5530261900,2015,10,MS,3,-53.80643,-29.67172
7625987,25070-260,RJ,Duque de Caxias,UPA PARQUE BEIRA MAR,VILA SAO LUIS,3200,ROD WASHINGTON LUIS,,2015,10,MS,3,-43.30423117,-22.73210333
23310,30130-007,MG,Belo Horizonte,UNIDADE DE PRONTO ATENDIMENTO OESTE,JARDIM AMERICA,1710,AV BARAO HOMEM DE MELO,(31)32777044,2015,10,MS,3,-43.97755,-19.92744
7263813,78053-739,MT,Cuiabá,UNIDADE DE PRONTO ATENDIMENTO MORADA DO OURO,MORADA DO OURO,S/N,RUA 17,3645 - 5700,2015,10,MS,3,-56.05511462,-15.56983311
7586361,,BA,Feira de Santana,UPA DA MANGABEIRA JAIRO DE JESUS SANTOS,MANGABEIRA,12,LOTEAMENTO JARDIM DOS NAMORADOS,,2015,10,MS,1,-38.96667,-12.26667
6726852,,PE,Recife,UPA IBURA,IBURA,S/N,RUA VALE DO TAJAI,81 31844595,2015,10,MS,3,-34.8996,-8.12692
7399626,,CE,Russas,UNIDADE DE PRONTO ATENDIMENTO DE RUSSAS,PLANALTO,S/N,RUA PROJETADA,,2015,10,MS,1,-37.96926498,-4.946275435
5323495,,PR,Curitiba,UPA CIDADE INDUSTRIAL,CIC,3370,RUA SENADOR ACCIOLY FILHO,041-32496899,2015,10,MS,3,-49.3402,-25.49764
6722253,,GO,Formosa,UPA UNIDADE DE PRONTO ATENDIMENTO,SETOR SUL,S/N,VIA 26 A,61 3631-7681,2015,10,MS,1,-47.33929,-15.54311
7467206,,SP,Registro,UNIDADE DE PRONTO ATENDIMENTO UPA,JARDIM SAO NICOLAU,605,RUA NELSON BRIHI BADUR,13 38213155,2015,10,MS,1,-47.85176231,-24.50372355
6418651,09711-280,SP,São Bernardo do Campo,UPA SAO PEDRO,VILA SAO PEDRO,273,DOM PEDRO DE ALCANTARA,,2015,10,MS,2,-46.52693945,-23.71876017
7077971,,CE,Caucaia,UNIDADE DE PRONTO ATENDIMENTO DE CAUCAIA,CENTRO,S/N,GERONIMO AMARAL,,2015,10,MS,3,-38.65681171,-3.733029504
7090064,13257-570,SP,Itatiba,UPA UNIDADE DE PRONTO ATENDIMENTO 24HS DE ITATIBA,PQ EMPRESARIAL,S/N,RUA BENEDITA CARRA CORRADINE,,2015,10,MS,1,-46.839,-23.006
2630036,,ES,Guarapari,SECRETARIA MUNICIPAL DE SAUDE,MUQUICABA,S/N,RUA ADAMASTOR ANTONIO DA SILVA,(27)32615686,2015,10,MS,2,-40.49939,-20.67564
6997600,14300000,SP,Batatais,UPA 24H BATATAIS JOSE ANTONIO DA SILVA NETO,JOAQUIM MARINHEIRO,525,AV MOACIR DIAS DE MORAIS,(16) 37619499,2015,10,MS,2,-47.58564,-20.89163
6708714,72322-700,DF,Brasília,UPA SAMAMBAIA,SUL,9,QS 107 CONJUNTO 04 AE,61-34593282,2015,10,MS,3,-48.11108,-15.88708
7396732,62750-000,CE,Aracoiaba,UNIDADE DE PRONTO ATENDIMENTO UPA 24HS ARACOIABA,CENTRO,S/N,AV DA INDEPENDENCIA,85 33375517,2015,10,MS,1,-38.80524784,-4.368593211
6558992,,PE,Jaboatão dos Guararapes,UPA CURADO,CURADO II,68,RUA LEONARDO DA VINCE,81 31844465,2015,10,MS,3,-35.00535965,-8.076565787
7155840,68555-280,PA,Xinguara,UNIDADE DE PRONTO ATENDIMENTO DE XINGUARA,CENTRO,S/N,BR 155 ESQUINA COM AVENIDA HERMES DANTAS,34264736,2015,10,MS,1,-49.93760469,-7.107243522
5955688,21625-130,RJ,Rio de Janeiro,SES RJ UPA 24H RICARDO DE ALBUQUERQUE,RICARDO DE ALBUQUERQ,S/N,ESTR MAL ALENCASTRO,33394819,2015,10,MS,3,-43.4042,-22.82395
6270131,15051-000,SP,São José do Rio Preto,UPA JAGUARE,JARDIM JAGUARE,2450,AVENIDA DANILO GALEAZZI,17-32151192,2015,10,MS,2,-49.36640435,-20.7772234
7144016,,SP,Mogi Guaçu,UNIDADE DE PRONTO ATENDIMENTO UPA DE MOGI GUACU,JARDIM SANTA MARTA,S/N,RUA ORLANDA PEREIRA BUENO,1938185556,2015,10,MS,2,-46.95241213,-22.33558768
2189879,32145-000,MG,Contagem,UNIDADE DE PRONTO ATENDIMENTO RESSACA UPA,GUANABARA,S/N,PRACA 21 DE ABRIL GUANABARA,3357-6002,2015,10,MS,2,-44.03045,-19.88522
6618464,,PE,Jaboatão dos Guararapes,UPA ENGENHO VELHO,ENGENHO VELHO,S/N,AVENIDA MANOEL RABELO,8131844520,2015,10,MS,3,-35.00392,-8.10929
7616902,,PR,Ibiporã,UNIDADE DE PRONTO ATENDIMENTO DR JUSTINO ALVES PEREIRA,JD MORADA DO SOL,1245,AV SOUZA NAVES,43 3178 0348,2015,10,MS,1,-51.05786562,-23.26250012
2024829,,SP,Jaboticabal,UNIDADE DE PRONTO ATENDIMENTO DR AVELINO G MARTINS NETO,CENTRO,750,AVENIDA SETE DE SETEMBRO,(16)32023610,2015,10,MS,1,-48.32652489,-21.25671982
7494068,,SP,Itaquaquecetuba,UPA SADAKO SEDOGUTI,RESIDENCIAL FLAMBOYA,453,RUA DOS CAJUEIROS,(11)4647-0212,2015,10,MS,2,-46.32232053,-23.43834596
7479387,,SP,São Paulo,UPA CAMPO LIMPO,CAMPO LIMPO,121,TEREZA MOUCO DE OLIVEIRA,,2015,10,MS,3,-46.63503,-23.54198
2190125,32072-180,MG,Contagem,UNIDADE DE PRONTO ATENDIMENTO PETROLANDIA UPA,PETROLANDIA,137,RUA REFINARIA UNIAO,(31)3352-3312/5692,2015,10,MS,1,-44.114,-19.9304
7626916,,PB,Piancó,UNIDADE DE PRONTO ATENDIMENTO UPA 24 HORAS,PIANCOZINHO,S/N,RUA PROJETADA,,2015,10,MS,2,-37.92953,-7.19802
5955211,21040-361,RJ,Rio de Janeiro,SES UPA 24H MARE AP 31,MANGUINHOS,4880,AV BRASIL,2334-7830 2334-7832,2015,10,MS,3,-43.24091,-22.87776
6613136,,PR,Foz do Iguaçu,UNIDADE DE PRONTO ATENDIMENTO JOAO SAMEK,JARDIM PALMEIRA,S/N,RUA IACANGA ESQUINA COM AVENIDA AMERICO SASDELI,45-3521-9500,2015,10,MS,3,-54.5435679,-25.49478574
6650864,,SP,São Bernardo do Campo,UPA RIACHO GRANDE,RIACHO GRANDE,333,RUA MARCILIO CONRADO,11-41018264,2015,10,MS,1,-46.52998644,-23.78201451
6742831,21830-007,RJ,Rio de Janeiro,SMS UPA 24H SENADOR CAMARA AP 51,SENADOR CAMARA,6486,AVENIDA SANTA CRUZ,21-38393226,2015,10,MS,3,-43.48327048,-22.88251356
2164817,38022-000,MG,Uberaba,UPA UNIDADE DE PRONTO ATENDIMENTO SAO BENEDITO,SAO BENEDITO,1030,R MAJOR EUSTAQUIO,(34)33332900,2015,10,MS,3,-47.94003,-19.75274
6947077,,PA,Capanema,UNIDADE DE PRONTO ATENDIMENTO JOSIEL RODRIGUES MARTINS,SAO CRISTOVAO,S/N,RUA LAUDELINO VALENTE,(91)34622155,2015,10,MS,2,-47.18679428,-1.233806611
2160137,35.519-000,MG,Nova Serrana,UPA ANTONIO JOSE DOS SANTOS,SAO MARIOS,440,RUA PADRE JOSE LUIZ,037-3226.6166,2015,10,MS,1,-44.95962408,-19.90182759
7101856,22745-290,RJ,Rio de Janeiro,SMS UPA 24H MAGALHAES BASTOS AP 51,MAGALHAES BASTOS,S/N,ESTRADA MANOEL NOGUEIRA DE SA,35507080,2015,10,MS,3,-43.4175349,-22.89259292
7546696,,SP,Cubatão,UPA DR MARIO RUIVO DE CUBATAO,PQ SAO LUIZ,222,AV JOEL GONCALVES DE OLIVEIRA,13-3361.6388,2015,10,MS,1,-46.41659664,-23.92470393
5323436,,PR,Curitiba,UPA CAJURU,CAJURU,S/N,RUA ENGENHEIRO BENEDITO MARIO DA SILVA,041-32264069,2015,10,MS,3,-49.20422,-25.46917
5617286,,MG,Uberlândia,UAI SAO JORGE,PARQUES LARANJEIRAS,165,RUA TOLEDO,,2015,10,MS,2,-48.23619,-18.9595
2383462,72860016,GO,Novo Gama,AMBULATORIO 24 HORAS NOVO GAMA,NOVO GAMA,1000,AVENIDA CENTRAL,(61)6281123,2015,10,MS,1,-48.03171,-16.05555
7410042,,CE,Crateús,UPA DR OLAVO CAVALCANTE CARDOSO,CIDADE NOVA,S/N,RUA JOELSON SILVA BARROS,88-36912019,2015,10,MS,1,-40.67327,-5.17378
7321775,,PB,Cajazeiras,UNIDADE DE PRONTO ATENDIMENTO DRA VALERIA MACAMBIRA GUEDES,COCODE,1,RUA DR JOSE MOREIRA,8335313607,2015,10,MS,1,-38.55356812,-6.884099725
7274440,60750-022,CE,Fortaleza,UNIDADE PRONTO ATENDIMENTO JOSE WALTER,JOSE WALTER,S/N,AV PRESIDENTE COSTA E SILVA,85 32168316,2015,10,MS,3,-38.543,-3.717
6858317,22031-071,RJ,Rio de Janeiro,SES RJ UPA 24H COPACABANA,COPACABANA,129,RUA SIQUEIRA CAMPOS,23339289,2015,10,MS,3,-43.34183,-22.93916
6985483,,CE,Fortaleza,UNIDADE PRONTO ATENDIMENTO PRAIA DO FUTURO,PRAIA DO FUTURO,S/N,AV SENADOR CARLOS JEREISSATI,85 32168316,2015,10,MS,3,-38.52014,-3.73498
2126052,32670-778,MG,Betim,UNIDADE A I ALEXANDRE SILVA A DINIZ ALTEROSAS,JARDIM ALTEROSAS,520,AVENIDA CAMPOS DE OURIQUE,(31)35922933,2015,10,MS,2,-44.15644,-19.95012
6488315,50980-000,PE,Recife,UPA CAXANGA,VARZEA,S/N,AV CAXANGA,81 31844355,2015,10,MS,3,-34.96145,-8.02541
6690742,,PE,Cabo de Santo Agostinho,UPA CABO DE SANTO AGOSTINHO,COHAB,S/N,RUA 27,81 31844543,2015,10,MS,3,-35.03284,-8.28109
6531288,,RN,Natal,UPA 24H DE PAJUCARA,PAJUCARA,S/N,RUA MOEMIA TINOCO DA CUNHA LIMA,843614 5280,2015,10,MS,2,-35.24274051,-5.722690651
7106548,34505-010,MG,Sabará,SABARA UPA III 24 HORAS PADRE LAZARO PEREIRA CRISPIM,NACOES UNIDAS,7000,RODOVIA MGT 262 KM 07,31 35081962,2015,10,MS,3,-43.86940598,-19.87716311
2496461,,RO,Porto Velho,UPA ZONA LESTE,TANCREDO NEVES,S/N,AV MAMORE COM RIO DE JANEIRO,(69)2261135,2015,10,MS,2,-63.8439399,-8.76318489
2822318,83323-390,PR,Pinhais,UNIDADE DE PRONTO ATENDIMENTO 24 HORAS,CENTRO,731,RENATO NUNES RIBAS,(41)30599292,2015,10,MS,2,-49.19209878,-25.434517
6598722,,RJ,Cabo Frio,UNIDADE DE PRONTO ATENDIMENTO UPA,PARQUE BURLE,10,AV VITOR ROCHA,2226489679,2015,10,MS,3,-42.04381,-22.8897
7094647,48904-060,BA,Juazeiro,UPA DR JOAO OLIVEIRA,CASTELO BRANCO,S/N,RODOVIA LOMANTO JUNIOR,7436134288,2015,10,MS,2,-40.50223,-9.4234
7037112,86066-000,PR,Londrina,UPA SABARA,NOVO SABARA,2390,AV ARTHUR THOMAS,43 3372 3900,2015,10,MS,3,-51.20968474,-23.31503978
6588425,28635-000,RJ,Nova Friburgo,UPA 24 HORAS NOVA FRIBURGO,CONSELHEIRO PAULINO,3456,AVENIDA GOVERNADOR ROBERTO SILVEIRA,22 25277750,2015,10,MS,3,-42.53157,-22.2852
6575900,22763-011,RJ,Rio de Janeiro,SMS UPA 24H CIDADE DE DEUS AP 40,CIDADES DE DEUS,S/N,RUA EDGAR WERNECK,21 22323173,2015,10,MS,3,-43.35915796,-22.94950418
6703437,,PE,Recife,UPA NOVA DESCOBERTA,BREJO DA GUABIRABA,S/N,AVENIDA VEREADOR OTACILIO DE AZEVEDO,,2015,10,MS,3,-34.92512,-7.99769
7428383,,CE,Canindé,UPA IRMA JUDITE DINIZ,SANTA LUZIA,1496,RUA PEDRO MOREIRA,,2015,10,MS,1,-39.30712,-4.35542
6568734,,MA,São Luís,UPA ITAQUI BACANGA,ITAQUI BACANGA,S/N,AVENIDA DOS PORTUGUESES,(98)32720346,2015,10,MS,2,-44.30782,-2.55194
7507631,,MG,Itabirito,ITABIRITO UPA CELSO MATOS SILVA,SANTA EFIGENIA,S/N,RODOVIA DOS INCONFIDENTES KM 55 BR 356,,2015,10,MS,1,-43.78197938,-20.26411951
6680704,21532-200,RJ,Rio de Janeiro,SMS UPA 24H COSTA BARROS AP 33,COSTA BARROS,S/N,EST BOTAFOGO,25086990,2015,10,MS,3,-43.36880721,-22.82181028
6443419,53401-030,PE,Paulista,UPA PAULISTA,AURORA,10000,ESTRADA DO FRIO,(81) 31844253,2015,10,MS,3,-34.89042,-7.91846
7021909,,RS,Vacaria,UPA 24 HORAS VACARIA,GLORIA,1100,RUA CAMPOS SALES,,2015,10,MS,1,-50.94264,-28.49955
7053835,,SP,São Bernardo do Campo,UPA ALVES DIAS ASSUNCAO,ALVES DIAS,4220,AV HUMBERTO DE ALENCAR CASTELO BRANCO,4104-4018,2015,10,MS,2,-46.57698411,-23.72425578
7050577,78320-000,MT,Juína,UNIDADE DE PRONTO ATENDIMENTO DE JUINA DR SANTOS,MODULO 04,S/N,RUA DAS ANDORINHAS,66-3566-2009,2015,10,MS,1,-58.741,-11.378
7533934,,MG,Igarapé,UPA PREFEITO OSVALDO CANDIDO DE QUEIROZ,MARECHAL RONDON,690,RUA SANTOS DUMONT,31 - 3534-1648,2015,10,MS,1,-44.30102,-20.06887
6922333,43815-360,BA,Candeias,UNIDADE DE PRONTO ATENDIMENTO,OURO NEGRO,1,RUA DOS TRES PODERES,,2015,10,MS,1,-38.5509,-12.668
7648227,,RS,Alegrete,UPA UNIDADE DE PRONTO ATENDIMENTO ALEGRETE,CANUDOS,S/N,MESTRE CACAIO,,2015,10,MS,1,-55.76242596,-29.81296055
5625416,,SP,Lençóis Paulista,UNIDADE DE PRONTO ATENDIMENTO DE LENCOIS PAULISTA,CENTRO,600,RUA SETE DE SETEMBRO,(14) 3264 8668,2015,10,MS,1,-48.79560471,-22.60030311
6886345,,TO,Araguaína,UPA ANATOLIO DIAS CARNEIRO ARAGUAINA,ARAGUAINA SUL,S/N,RUA DOS PINHEIROS,,2015,10,MS,2,-48.18575889,-7.192688634
7550901,,RS,Santa Rosa,UPA 24 HORAS SANTA ROSA,CENTRO,1011,RUA CAXIAS,,2015,10,MS,2,-54.48621958,-27.86765673
7535643,83824-141,PR,Fazenda Rio Grande,UPA UNIDADE PRONTO ATENDIMENTO DE FAZENDA RIO GRANDE,SANTA TEREZINHA,515,RUA RIO TEJO,,2015,10,MS,2,-49.30491,-25.65457
7157681,75250-000,GO,Senador Canedo,UPA UNIDADE DE PRONTO ATENDIMENTO DE SENADOR CANEDO,RESIDENCILA BOA VIST,S/N,RUA BV 15 ESQ AV GERONIMO VIEIRA,,2015,10,MS,2,-49.11737592,-16.68826927
7112831,67.130-440,PA,Ananindeua,UNIDADE DE PRONTO ATENDIMENTO UPA III,COQUEIRO,S/N,CIDADE NOVA II WE 16,32730281,2015,10,MS,3,-48.40813204,-1.368402575
2063603,,SP,Indaiatuba,UPA JAD MORADA DO SOL INDAIATUBA,JAD MORADA DO SOL,6020,AVENIDA ENG FABIO ROBERTO BARNABE,(19)38354900,2015,10,MS,2,-47.23618,-23.12484
6950043,,SP,Mauá,UPA VILA ASSIS,JARDIM ANCHIETA,2129,AVENIDA DOM JOSE GASPAR,(11)4513-1613,2015,10,MS,2,-46.4705801,-23.69365579
6562205,,PE,Jaboatão dos Guararapes,UPA BARRA DE JANGADA,BARRA DE JANGADA,S/N,RUA CRUZ ALTA,81 31844494,2015,10,MS,3,-34.93426,-8.2188
7021461,09061-260,SP,Santo André,UPA SACADURA CABRAL,SACADURA CABRAL,354,RUA LAURO MULLER,44211224,2015,10,MS,1,-46.55777324,-23.65645288
6992552,17605-400,SP,Tupã,UNIDADE DE PRONTO ATENDIMENTO UPA TUPA,JARDIM PAULISTA,S/N,RUA IPIRANGA,14 3441-4292,2015,10,MS,2,-50.51305,-21.94069
7546777,,MS,Dourados,UNIDADE DE PRONTO ATENDIMENTO DR AFRANIO MARTINS,TERRA ROCHA,3675,RUA FREI ANTONIO,67 84685029,2015,10,MS,3,-54.78382886,-22.24818629
7076886,35.460-000,MG,Brumadinho,UPA VALDEMAR DE ASSIS BARCELOS,KM30,30,MG 040,,2015,10,MS,1,-44.2,-20.143
10081,,MS,Campo Grande,UPA DR ALESSANDRO MARTINS DE SOUZA E SILVA VILA ALMEIDA,VILA PALMIRA,S/N,RUA MINISTRO JOSE LINHARES,67-33147324/33147323,2015,10,MS,2,-54.6553,-20.44372
7407203,,PE,Timbaúba,UPA 24 HORAS TIMBAUBA PE,ARARUNA,S/N,BR 408 KM 29,,2015,10,MS,1,-35.31768,-7.50322
7466412,,SP,Valinhos,UNIDADE DE PRONTO ATENDIMENTO UPA 24 HORAS,LENHEIRO,550,AV GESSY LEVER,,2015,10,MS,2,-46.98097229,-22.95056893
6211496,44470-000,BA,Vera Cruz,UNIDADE DE PRONTO ATENDIMENTO DE VERA CRUZ,MAR GRANDE,S/N,AVENIDA JUVENAL JOAO VINAGRE,,2015,10,MS,2,-38.609,-12.96
9296,12212-500,SP,São José dos Campos,UPA 24 HORAS ALTO DA PONTE,ALTO DA PONTE,70,RUA ALZIRO LEBRAO,12 35193700,2015,10,MS,2,-45.90132,-23.15325
7038747,14090-270,SP,Ribeirão Preto,UPA DR LUIS ATILIO LOSI VIANA RIBEIRAO PRETO,JARDIM PAULISTANO,353,AVENIDA TREZE DE MAIO,(16)39722868,2015,10,MS,3,-47.79105288,-21.17621923
6030807,6145245,SP,Osasco,UPA JARDIM CONCEICAO,JARDIM CONCEICAO,S/N,RUA MONTE DAS OLIVEIRAS,(11) 35918062,2015,10,MS,3,-46.79306,-23.56944
7404700,,RJ,São Pedro da Aldeia,SES RJ UPA 24 H SAO PEDRO DA ALDEIA,SAO PEDRO DA ALEDIA,S/N,RODOVIA AMARAL PEIXOTO,,2015,10,MS,2,-42.10169,-22.83689
7304188,,GO,Goiânia,UPA DR JOAO BATISTA DE SOUSA JUNIOR,RESIDENCIAL ITAIPU,S/N,AVENIDA RIO VERMELHO,062 - 32884522,2015,10,MS,3,-49.3686533,-16.78087082
7099185,,AL,Viçosa,UNIDADE DE PRONTO ATENDIMENTO DR DEVID DISRAELI TORRES,CENTRO,20,RUA PEDRO BARRETO,32831279,2015,10,MS,1,-36.241,-9.371
6507557,725000-000,PE,São Lourenço da Mata,UPA SAO LOURENCO DA MATA,PIXETE,2009,AVENIDA SR FRANCISCO CORREIA,8131844378,2015,10,MS,3,-35.04746,-7.99136
7184689,11660690,SP,Caraguatatuba,UNIDADE DE PRONTO ATENDIMENTO CENTRAL DE CARAGUATATUBA,JARDIM PRIMAVERA,451,AVENIDA MARANHAO,12 38972100,2015,10,MS,2,-45.41937,-23.62599
7116896,45700-000,BA,Itapetinga,UNIDADE DE PRONTO ATENDIMENTO UPA 24 HORAS,NOVA ITAPETINGA,S/N,AVENIDA GERSON DE OLIVEIRA,,2015,10,MS,1,-40.248,-15.249
7061838,35.670-000,MG,Mateus Leme,MATEUS LEME UPA 24 HORAS TIAGO CARDOSO SANTOS,VALE VERDE,15,RUA LEVINDO DA SILVA,,2015,10,MS,1,-44.428,-19.99083962
6900836,,RS,Bom Princípio,UPA UNIDADE DE PRONTO ATENDIMENTO,PARAISO DO VALE,S/N,RUA JOAO DE BARRO,51 3634 1191,2015,10,MS,1,-51.35844,-29.49119
6975402,78890-000,MT,Sorriso,UPA UNIDADE DE PRONTO ATENDIMENTO SARA AKEMI ICHICAVA,CENTRO,S/N,AV PORTO ALEGRE,35445989,2015,10,MS,1,-55.7278,-12.54657
7638698,04377-036,SP,São Paulo,UPA VILA SANTA CATARINA,JARDIM MIRA,529,RUA CIDADE DE BAGDA,56719211,2015,10,MS,3,-46.63503,-23.54198
7155832,88900-000,SC,Araranguá,UNIDADE DE PRONTO ATENDIMENTO 24 HORAS ARARANGUA,CIDADE ALTA,344,AVENIDA 15 DE NOVEMBRO,48-39031922,2015,10,MS,1,-49.49585706,-28.94879518
7596871,41180900,BA,Salvador,UPA DO CABULA,SABOEIRO,S/N,ESTRADA SABOEIRO,(71)33873404,2015,10,MS,3,-38.45121,-12.95658
6754325,,PB,Santa Rita,UPA UNIDADE DE PRONTO ATENDIMENTO,TIBIRI II,S/N,RUA PITIMBU,83 32175535,2015,10,MS,1,-34.96524,-7.15296
7381158,,CE,Horizonte,UPA DE HORIZONTE,CENTRO,1285,RUA CIRO BILHAR,8533366043,2015,10,MS,2,-38.65085,-4.08486
7104804,36090-000,MG,Juiz de Fora,UPA NORTE,NOVA ERA,6145,AVENIDA PRESIDENTE JUSCELINO KUBITSCHEK,(32)3222-0430,2015,10,MS,3,-43.34941,-21.76277
2738864,,PR,Cascavel,UPA VENEZA,JARDIM VENEZA,1460,RUA CAFE FILHO,(45) 39022587,2015,10,MS,2,-53.48721,-24.9701
7584717,,SC,Herval d'Oeste,UNIDADE DE PRONTO ATENDIMENTO REMI A MASCARELLO,SAO VICENTE,1400,RUA SANTOS DUMONT,4935227432,2015,10,MS,1,-51.50123745,-27.1817757
7096518,85550-000,PR,Coronel Vivida,UPA I UNIDADE DE PRONTO ATENDIMENTO DE CORONEL VIVIDA,CENTRO,154,RUA ROMARIO MARTINS,,2015,10,MS,1,-52.56869,-25.98027
7065485,26.584-001,RJ,Mesquita,SES RJ UPA 24H MESQUITA,EDSON PASSOS,S/N,RUA COSTA E SILVA,21-26257807,2015,10,MS,3,-43.42869,-22.7815
2064731,14806-150,SP,Araraquara,UPA CENTRAL AMELIA BERNARDINI CUTRALE,VILA FERROVIARIA,S/N,AVENIDA MARIA ANTONIA CAMARGO DE OLIVEIRA,016 33011010,2015,10,MS,2,-48.17213,-21.78706
7652038,,RS,Cruz Alta,UNIDADE DE PRONTO ATENDIMENTO MUNICIPAL 24 HS UPA,CENTRO,1781,VENANCIO AIRES,55 33227777,2015,10,MS,1,-53.60657667,-28.64717768
6629954,24744-560,RJ,São Gonçalo,SES RJ UPA 24H SAO GONCALO I,COLUMBANDE,S/N,RODOVIA AMARAL PEIXOTO,27017397,2015,10,MS,3,-43.054,-22.827
7471645,,AL,Coruripe,UNIDADE DE PRONTO ATENDIMENTO DE CORURIPE,ZEQUINHA AZEVEDO,152,RUA EDGAR CASSIANO DOS SANTOS,,2015,10,MS,3,-36.17209,-10.12209
6607667,,SP,São Bernardo do Campo,UPA UNIAO ALVARENGA,ALVARENGA,5779,ESTRADA DOS ALVARENGA,11 4129-2744,2015,10,MS,2,-46.59827012,-23.74065777
7637802,,PB,Princesa Isabel,UPA UNIDADE DE PRONTO ATENDIMENTO PRICESA ISABEL,MAIA,S/N,RUA ALFREDO CARLOS DA COSTA,83-33457227,2015,10,MS,1,-37.99158096,-7.724600166
5874998,13100-000,SP,Campinas,PRONTO ATENDIMENTO DR SERGIO AROUCA CAMPO GRANDE,CAMPO GRANDE,280,R DIRCE DE OLIVEIRA SANTOS,32218505,2015,10,MS,3,-47.06323,-22.9071
2126419,32667-005,MG,Betim,UNIDADE A I NILDA NOGUEIRA DO A ANDRADE GUANABARA,GUANABARA,225,RUA JOVELINO GREGORIO DA SILVA,(31)35922930,2015,10,MS,1,-44.14801,-19.97988
6844596,,SP,São Bernardo do Campo,UPA BAETA NEVES,BAETA NEVES,933,RUA DOS VIANAS,4125-2100/4125-9139,2015,10,MS,1,-46.54404658,-23.6999412
2639548,,PR,Curitiba,UPA CAMPO COMPRIDO,CAMPO COMPRIDO,3495,RUA MONS IVO ZANLORENZI,(41)3373-1332,2015,10,MS,3,-49.33896,-25.44207
7084129,46900-000,BA,Seabra,UPA 24H DE SEABRA JORGE ALVES DE OLIVEIRA,TAMBORIL,S/N,RUA EDVALDO SANTOS,7533313919,2015,10,MS,1,-41.77490652,-12.4119647
7006810,,CE,Fortaleza,UNIDADE PRONTO ATENDIMENTO MESSEJANA,MESSEJANA,S/N,RUA MIGUEL GURGEL,85 32168314,2015,10,MS,2,-38.54732,-3.7618
6220584,22260-000,RJ,Rio de Janeiro,SES RJ UPA 24H BOTAFOGO,BOTAFOGO,S/N,RUA SAO CLEMENTE,23344011,2015,10,MS,3,-43.19509,-22.95158
3708608,12247-190,SP,São José dos Campos,UPA EUGENIO DE MELO,EUGENIO DE MELO,101,RUA CORONEL EUGENIO AUGUSTO DE MELO,1239052152,2015,10,MS,1,-45.78352,-23.13786
6875343,39803-013,MG,Teófilo Otoni,UPA 24 HORAS,CENTRO,1284,AVENIDA GETULIO VARGAS,,2015,10,MS,3,-41.51409,-17.85211
7429568,15900-000,SP,Taquaritinga,UPA 24 HORAS,CENTRO,2100,AV VICENTE JOSE PARISE,,2015,10,MS,1,-48.50288,-21.40373
2706245,,SP,Franco da Rocha,UNIDADE DE PRONTO ATENDIMENTO DE FRANCO DA ROCHA UPA II,CENTRO,S/N,NELSON RODRIGUES,(11)4819-6011,2015,10,MS,1,-46.72746,-23.33272
7685246,86066000,PR,Londrina,UPA CENTRO OESTE MARIA ANGELICA CASTOLDO,JARDIM DO SOL,4000,RUA ABELIO BENATTI,,2015,10,MS,3,-51.15779,-23.30627
7103255,,CE,Eusébio,UNIDADE DE PRONTO ATENDIMENTO DE EUSEBIO,CENTRO,395,RUA IRMA AMBROSINA,32605303,2015,10,MS,2,-38.44968349,-3.893557524
2115786,32400-000,MG,Ibirité,UNIDADE MUNICIPAL DE PRONTO ATENDIMENTO DE IBIRITE,MACAUBAS,S/N,RUA NELSON PINHEIRO,(31)35336110,2015,10,MS,2,-44.06751,-20.01841
5955653,23087-286,RJ,Rio de Janeiro,SES RJ UPA 24H CAMPO GRANDE,CAMPO GRANDE,S/N,ESTR DO MENDANHA,34051069,2015,10,MS,3,-43.54198,-22.86162
5955637,23590-060,RJ,Rio de Janeiro,SES RJ UPA 24H SANTA CRUZ,STA CRUZ,13655,AV CESARIO DE MELO,33139218,2015,10,MS,3,-43.66196,-22.93348
6950302,,SP,Sorocaba,CENTRAL DE REGULACAO DE URGENCIAS DE SOROCABA,CERRADO,125,RUA BENTO MANOEL RIBEIRO,(15) 32191192,2015,10,MS,2,-47.46233,-23.5041
6821197,,SP,São Bernardo do Campo,UPA PAULICEIA TABOAO,PAULICEIA,326,RUA PEDRO DE TOLEDO,4178-4309,2015,10,MS,2,-46.58301372,-23.67098912
6033075,25050-100,RJ,Duque de Caxias,SES RJ UPA 24H SARAPUI,VILA SARAPUI,S/N,RUA REPUBLICA DO PARAGUAI,27719717,2015,10,MS,2,-43.29879,-22.74952
7345259,54340-605,PE,Jaboatão dos Guararapes,UPA EDUARDO CAMPOS,SOTAVE,31,RUA MARACANA,,2015,10,MS,1,-35.00392,-8.10929
7156324,,SP,Vinhedo,UNIDADE DE PRONTO ATENDIMENTO,JARDIM SANTA ROSA,45,AVENIDA AURELIO JOSE FREDIANI,(19) 3886-4472,2015,10,MS,1,-46.975,-23.03
7372523,,CE,Pentecoste,UPA DE PENTECOSTE,SAO FRANCISCO,14,RUA GONCALO SALES PESSOA,85 33522619,2015,10,MS,1,-39.25793767,-3.789363039
6992021,65665000,MA,São João dos Patos,UPA SAO JOAO DOS PATOS,SANTIAGO,1,RUA SAO JORGE,,2015,10,MS,1,-43.702,-6.495
7266650,27971-430,RJ,Macaé,UPA UNIDADE DE PRONTO ATENDIMENTO LAGOMAR,LAGOMAR,S/N,AVENIDA JOSE FERREIRA MACHADO,22 27961279,2015,10,MS,2,-41.78572,-22.37172
6976794,45980-000,SP,Diadema,UPA JARDIM PAINEIRAS,JARDIM PAINEIRAS,635,RUA JAVARI,40915467,2015,10,MS,2,-46.62692,-23.69041
6530389,50720-635,PE,Recife,UPA TORROES,TORROES,1455,AV ABDIAS DE CARVALHOS,81 - 31844440,2015,10,MS,2,-34.91405,-8.06259
10057,,MS,Campo Grande,UPA APARECIDA GONCALVES SARAIVA UNIVERSITARIO,UNIVERSITARIO,S/N,AVENIDA GUAICURUS ESQ COM AV GURY MARQUES,67-33045601/33045606,2015,10,MS,2,-54.59871,-20.51967
6847587,,MA,São Luís,UPA ARACAGY,ARACAGY,S/N,AV DOS HOLANDESES,,2015,10,MS,3,-44.054,-2.562
3606961,12239-290,SP,São José dos Campos,UPA CAMPO DOS ALEMAES,CAMPO DOS ALEMAES,S/N,RUA JOAO DE OLIVEIRA E SILVA,(12) 39661108/39662357,2015,10,MS,2,-45.89961,-23.27458
5387582,,ES,Serra,UPA 24 HORAS CARAPINA,MANOEL PLAZA,S/N,AVENIDA NORTE SUL,3341-1171,2015,10,MS,3,-40.31982422,-20.13589163
7039336,89240-000,SC,São Francisco do Sul,UPA UNIDADE DE PRONTO ATENDIMENTO,UBATUBA,S/N,RODOVIA DUQUE DE CAXIAS,47-34446277,2015,10,MS,1,-48.58288,-26.23098
7481624,,AL,Palmeira dos Índios,UNIDADE DE PRONTO ATENDIMENTO PALMEIRA DOS INDIOS,VILA MARIA,S/N,RUA BRAULIO MONTINEGRO,,2015,10,MS,2,-36.62328,-9.40441
7499914,,RS,Venâncio Aires,UPA 24 HORAS VENANCIO AIRES,CRUZEIRO,2500,VOLUNTARIOS DA PATRIA,5137932100,2015,10,MS,1,-52.18859,-29.6039
6598544,23570-000,RJ,Rio de Janeiro,SMS UPA 24 H JOAO XXIII AP 53,SANTA CRUZ,S/N,AV JOAO XXIII,24165719/31575411,2015,10,MS,3,-43.70385602,-22.90689625
2492555,,TO,Palmas,UNIDADE DE PRONTO ATENDIMENTO SUL,AURENY II,4,RUA PERIMENTRAL 2,(63)32185569,2015,10,MS,2,-48.33171,-10.16889
6555551,26311-020,RJ,Queimados,UPA 24H QUEIMADOS RJ,NOSSA SENHORA DA GLO,S/N,RUA MARIO FERREIRA DOS REIS,26656955,2015,10,MS,3,-43.56864,-22.7131
6042619,21063-400,RJ,Barra Mansa,UNIDADE DE PRONTO ATENDIMENTO EM BARRA MANSA RJ UPA,CENTRO,263,RUA LUIZ PONCE,2433229298,2015,10,MS,3,-44.16984,-22.54535
7064578,75690-000,GO,Caldas Novas,UPA UNIDADE DE PRONTO ATENDIMENTO,CENTRO,1,RUA PROFESSOR JOSINO BRETAS ESQ C R,(64) 3453-0022,2015,10,MS,2,-48.62577125,-17.74404243
6635172,,RJ,Rio Bonito,UNIDADE DE PRONTO ATENDIMENTO UPA RIO BONITO,PRACA CRUZEIRO,S/N,RODOVIA BR 101,2127349818,2015,10,MS,3,-42.64882,-22.71044
7548311,,MG,Poços de Caldas,UPA POCOS DE CALDAS,JOSE CARLOS,0,RUA BANDEIRA DO SUL,3536975398,2015,10,MS,3,-46.55086398,-21.78569869
6940315,,PB,João Pessoa,UNIDADE DE PRONTO ATENDIMENTO OCEANIA,AEROCLUBE,70,AV GOV FLAVIO RIBEIRO COUTINHO,3218-9896,2015,10,MS,2,-34.83943,-7.09752
7313233,68448-000,PA,Breu Branco,UNIDADE DE PRONTO ATENDIMENTO MANOEL FRANCISCO DE AGUIAR,CENTRO,S/N,AV BELEM,94737860788,2015,10,MS,1,-49.45997003,-4.009342483
6870805,,MA,Coroatá,UPA COROATA,CENTRO,S/N,AVENIDA DA BANDEIRA,,2015,10,MS,2,-44.13041,-4.12516
6928331,65630000,MA,Timon,UPA TIMON,SANTO ANTONIO,S/N,RUA SAO SEBASTIAO,,2015,10,MS,2,-42.82399,-5.09944
23051,,MG,Belo Horizonte,UNIDADE DE PRONTO ATENDIMENTO NORDESTE,CONCORDIA,535,RUA ITAMARACA,(31)32776646,2015,10,MS,2,-43.93079,-19.88421
5989442,88065-000,SC,Florianópolis,UNIDADE DE PRONTO ATENDIMENTO UPA SUL DA ILHA,RIO TAVARES,682,RODOVIA FRANCISCO MAGNO VIEIRA,(48) 32391701,2015,10,MS,3,-48.549,-27.597
7514948,60055-000,CE,Fortaleza,UNIDADE PRONTO ATENDIMENTO ITAPERI,ITAPERI,S/N,RUA BETEL,32952768,2015,10,MS,3,-38.53926,-3.71701
7126816,45980-000,BA,Prado,UPA 24 HORAS PRADO,PORTAL DO PRADO,S/N,RODOVIA PRADO ITAMARAJU QUADRA 17 LOTE 7 A 12,,2015,10,MS,1,-39.221,-17.341
7018800,,CE,Fortaleza,UNIDADE PRONTO ATENDIMENTO CANINDEZINHO,PLANALTO VITORIO,S/N,RUA 15,85 32168316,2015,10,MS,3,-38.50838,-3.80735
7340885,15809-007,SP,Catanduva,UPA PARQUE IRACEMA,PARQUE IRACEMA,1500,AVENIDA THEODORO ROSA FILHO,17-35252665,2015,10,MS,2,-48.94925709,-21.14805163
6270093,15047050,SP,São José do Rio Preto,UPA REGIAO NORTE,JARDIM ANTUNES,130,R MANOEL MORENO ESQ R JOSEPHA VOLTARELLI SANFELICE,17-32375315,2015,10,MS,3,-49.41049,-20.78085
2189860,32.050-310,MG,Contagem,UNIDADE DE PRONTO ATENDIMENTO VARGEM DAS FLORES UPA,RETIRO,80,RUA RETIRO DOS IMIGRANTES,(31)39117419,2015,10,MS,1,-44.05302,-19.96417
7569793,,CE,Itapipoca,UPA PORTE II,FAZENDINHA,S/N,AV ESAU ALVES,,2015,10,MS,2,-39.57120895,-3.506910151
7525427,,MG,Patos de Minas,UPA III,JARDIM PELUZZO,288,RUA PELUZO,34 3822-9641,2015,10,MS,3,-46.50819384,-18.60928269
5955661,20520-054,RJ,Rio de Janeiro,SES RJ UPA 24H TIJUCA,TIJUCA,S/N,RUA CONDE DE BONFIM,23341921,2015,10,MS,3,-43.23752,-22.93017
7543913,,MG,Campo Belo,UNIDADE DE PRONTO ATENDIMENTO UPA,CIDADE MONTESA,105,AVENIDA PREFEITO WANDERLEY LUIS MAIA,,2015,10,MS,2,-45.27311,-20.89181
7294700,,PR,Toledo,ALMOXARIFADO CENTRAL,CENTRO,S/N,RUA PIRATINI,,2015,10,MS,2,-53.76719713,-24.73251717
6421482,20973-011,RJ,Rio de Janeiro,SMS UPA 24H MANGUINHOS AP 31,BENFICA,1390,AV DOM HELDER CAMARA,2332-2405,2015,10,MS,2,-43.25177,-22.88575
7108648,17052-170,SP,Bauru,UPA IPIRANGA,VILA NIPONICA,11,RUA JOSE MIGUEL,3106-1121,2015,10,MS,1,-49.10343,-22.35017
5967198,25025-095,RJ,Duque de Caxias,SES RJ UPA 24H DUQUE DE CAXIAS,PQ LAFAIETE,1532,RUA JOAQUIM PECANHA,27827211,2015,10,MS,3,-43.32451,-22.78614
2792346,,SP,Piracicaba,UPA PIRACICAMIRIM DR FORTUNATO LOSSO NETO PIRACICABA,VILA PRUDENTE,135,RUA RIO GRANDE DO NORTE,(19) 3426-5973,2015,10,MS,3,-47.62742,-22.73946
7465157,,DF,Brasília,UPA CEILANDIA,CEILANDIA,1,QNN 27 AREA ESPECIAL D,34719000,2015,10,MS,3,-47.92463,-15.77463
7372116,57160-000,AL,Marechal Deodoro,UPA 24 HORAS IRMA DULCE MARECHAL DEODORO AL,FRANCES,S/N,RUA CORIMA,,2015,10,MS,1,-35.85067123,-9.774193736
6950051,,SP,Mauá,UPA MAGINI CENTRO,VILA MAGINI,3890,WASHINGTON LUIS,(11)4518-1988,2015,10,MS,2,-46.45088196,-23.65993385
6443397,53350-005,PE,Olinda,UPA OLINDA,CIDADE TABAJARA,S/N,RODOVIA PE 15 AVENIDA JOAQUIM NABUCO,(81) 31844309,2015,10,MS,3,-34.8535,-8.0205
6463487,36070-060,MG,Juiz de Fora,UPA SANTA LUZIA,SANTA LUZIA,1130,RUA IBITIGUAIA,(32)2102-0898,2015,10,MS,3,-43.35271,-21.788
7428707,,SP,Hortolândia,UPA JD ROSOLEM JOSE PEREIRA DE AMORIM,JD ROSOLEM,395,RUA ORLANDO PAVAN,19-38456104,2015,10,MS,1,-47.17469481,-22.8982486
7540868,,AC,Rio Branco,UPA DA CIDADE DO POVO DR EDILBERTO PARIGOT DE SOUZA FILHO,CIDADE DO POVO,S/N,AVENIDA 1,68 3215 4210,2015,10,MS,1,-67.82615662,-9.980009013
17396,,PR,Curitiba,UPA BOA VISTA,BOA VISTA,3654,AVN PARANA,041- 32511010,2015,10,MS,3,-49.23285,-25.38533
6950655,11471020,SP,Guarujá,UPA JARDIM BOA ESPERANCA JORGE DE JESUS ALMEIDA GUARUJA,JD BOA ESPERANCA,S/N,RUA MARIO DAIGE,33551935,2015,10,MS,2,-37.61606,-11.14446
6950655,11471020,SP,Guarujá,UPA JARDIM BOA ESPERANCA JORGE DE JESUS ALMEIDA GUARUJA,JD BOA ESPERANCA,S/N,RUA MARIO DAIGE,33551935,2015,10,MS,2,-46.27716565,-23.96209283
2061724,,SP,Piracicaba,UPA VILA CRISTINA FREI SIGRIST PIRACICABA,VILA CRISTINA,1737,AVENIDA RAPOSO TAVARES,(19) 3434-2296,2015,10,MS,2,-47.66133,-22.74587
7530005,,PA,Santarém,UNIDADE DE PRONTO ATENDIMENTO UPA 24 HORAS,SAO JOSE OPERARIO,S/N,AV CURUA UNA,,2015,10,MS,3,-54.70181823,-2.447580999
2420147,,SE,Poço Redondo,UNIDADE DE PRONTO ATENDIMENTO ZULMIRA SOARES,LIDIA SOUZA CRUZ,S/N,RUA ALTO DO GADO MANSO,7933371415,2015,10,MS,1,-37.69028,-9.79847
6411169,,SC,Biguaçu,UNIDADE DE PRONTO ATENDIMENTO UPA 24HS,FUNDOS,S/N,RUA QUINTINO BOCAIUVA,48-30398460,2015,10,MS,1,-48.65805994,-27.49460909
7040792,15400000,SP,Olímpia,UNIDADE DE PRONTO ATENDIMENTO DE OLIMPIA,CENTRO,288,AVENIDA WALDEMAR LOPES FERRAZ,,2015,10,MS,1,-48.915,-20.737
6091997,26291-200,RJ,Nova Iguaçu,SES RJ UPA 24H CABUCU,CABUCU,1600,AVENIDA ABELIO AUGUSTO TAVORA,27794497,2015,10,MS,3,-43.47169,-22.76021
6439837,69900-977,AC,Rio Branco,UPA 24 HORAS DO 2 DISTRITO,LOTEAMENTO SANTA HEL,20,RODOVIA BR 364 KM 125,(68) 3221 6775,2015,10,MS,3,-67.81928,-9.96641
4774,41200-020,BA,Salvador,UPA 24H PROF ADROALDO ALBERGARIA,PERIPERI,S/N,RUA DAS PEDRINHAS,(71) 3611-5721/5719,2015,10,MS,3,-38.46792,-12.86939
2023571,13051-114,SP,Campinas,PRONTO ATENDIMENTO SAO JOSE,JD BANDEIRA 2,S/N,RUA BERTOLDO FERNANDO DE CASTRO,(19)32676400,2015,10,MS,1,-47.09625,-22.96068
7103840,44900-000,BA,Irecê,UPA 24 HORAS ROSA MARIA OLIVEIRA BASTOS,ASA SUL,9995,RUA RIO SOLIMOES,,2015,10,MS,1,-41.856,-11.304
7103271,17400-000,SP,Garça,UPA 24 HS UNIDADE DE PRONTO ATENDIMENTO DR MARIO NUNES MIRAN,WILLIANS,120,RUA DR ORLANDO THIAGO DOS SANTOS,14-3406.4564,2015,10,MS,1,-49.656,-22.211
7077149,45810-000,BA,Porto Seguro,UPA UNIDADE DE PRONTO ATENDIMENTO 24 HORAS FREI CALIXTO,MERCADO DO POVO,S/N,RUA DA MATA,(73) 3268-2032,2015,10,MS,2,-39.07032251,-16.4265766
6632858,,MG,Ribeirão das Neves,UPA ACRIZIO MENEZES,CEREJEIRAS,600,AVENIDA DENISE CRISTINA DA ROCHA,3136381833,2015,10,MS,3,-44.08702,-19.76593
7242492,89900-000,SC,São Miguel do Oeste,UNIDADE DE PRONTO ATENDIMENTO LEONARDO WESSHEIMER,AGOSTINI,1,RUA OIAPOC,(49) 3621-2991,2015,10,MS,1,-53.53962779,-26.72451107
7684371,,SP,São Carlos,UNIDADE PRONTO ATENDIMENTO MARIA DORIS DE CAMPOS P LOPES,JARDIM ACAPULCO,S/N,AV JOAO NAVARRO SIQUEROLI,16 3375-6003,2015,10,MS,1,-47.88791,-22.01718
2785722,32900-000,MG,Manhuaçu,UNIDADE DE PRONTO ATENDIMENTO UPA,CENTRO,S/N,RUA FREDERICO DOLABELA,33 3332 3310,2015,10,MS,2,-42.16765,-20.23128
6559565,,RJ,Angra dos Reis,UPA 24 HORAS ANGRA DOS REIS,JAPUIBA,S/N,RUA FRANCELINO ALVES DE LIMA,2433671667,2015,10,MS,3,-44.29617,-22.98432
7114893,,RS,Porto Alegre,UNIDADE DE PRONTO ATENDIMENTO ZONA NORTE MOACYR SCLIAR,SAO SEBASTIAO,1,JERONYMO ZELMANOVITZ,51 33681626,2015,10,MS,3,-51.1465,-30.0079
7521316,,BA,Salvador,UPA 24H SAN MARTIN,SAN MARTIN,S/N,RUA DO FORNO,(71) 3256-2404,2015,10,MS,3,-38.48418206,-12.94301463
6916074,7172000,SP,Guarulhos,UPA SAO JOAO LAVRAS,CIDADE SOBERANA,4130,ESTRADA GUARULHOS NAZARE,1122292240,2015,10,MS,3,-46.44682599,-23.40503908
7498233,,MG,Sete Lagoas,UPA DR JUVENAL PAIVA,VAPABUCU,1700,AV TONICO REIS,31 37748140,2015,10,MS,3,-44.21259463,-19.47053218
5584523,,RN,Mossoró,UPA CONCHECITA CIARLINI,SANTO ANTONIO,289,RUA SEIS DE JANEIRO,,2015,10,MS,2,-37.34573,-5.18404
5955629,21361-132,RJ,Rio de Janeiro,SES UPA 24H IRAJA AP 33,IRAJA,380,AV MONSENHOR FELIX,23339822,2015,10,MS,3,-43.32547,-22.8493
7319428,98801-500,SC,Chapecó,UNIDADE DE PRONTO ATENDIMENTO UPA 24H,PRESIDENTE MEDICE,S/N,RUA SETE DE SETEMBRO,(49)2049-9024,2015,10,MS,2,-52.618,-27.096
6542891,,RJ,Araruama,UPA UNIDADE DE PRONTO ATENDIMENTO DE ARARUAMA,CENTRO,S/N,AV GETULIO VARGAS,26657300,2015,10,MS,3,-42.3332,-22.86663
6899919,26540-005,RJ,Nilópolis,UPA NILOPOLIS,CABUIS,S/N,RUA ANTONIO PEREIRA,,2015,10,MS,3,-43.41399,-22.81168
7474423,,PA,Castanhal,UPA PORTE III CASTANHAL GOVERNADOR ALMIR GABRIEL,CRISTO REDENTOR,S/N,BR 316,91-889 9843,2015,10,MS,3,-47.94594526,-1.296622036
7099371,78553-252,MT,Sinop,UPA UNIDADE DE PRONTO ATENDIMENTO DE SINOP,JARDIM DAS ACACIAS,S/N,AVENIDA ANDRE MAGGI,,2015,10,MS,2,-55.51026016,-11.82333862
7641117,,AL,Delmiro Gouveia,UPA DE DELMIIRO GOUVEIA,NOVO,S/N,AV ANTONIO JOSE DA COSTA,8236412414,2015,10,MS,2,-38.07927703,-9.384393424
7530684,,AC,Rio Branco,UPA DA SOBRAL FRANCO SILVA,SOBRAL,S/N,ESTRADA DA SOBRAL,(68) 3215 4200,2015,10,MS,3,-67.8304067,-9.9815886
6210902,31150-000,MG,Belo Horizonte,UNIDADE DE PRONTO ATENDIMENTO CENTRO SUL,SANTA EFIGENIA,488,RUA DOMINGOS VIEIRA,32385900,2015,10,MS,3,-43.92537,-19.92235
3827836,,PR,Curitiba,UPA PINHEIRINHO,CAPAO RASO,S/N,RUA LEON NICOLAS,041-32121470,2015,10,MS,2,-49.3026,-25.51528
7206771,17033-841,SP,Bauru,UPA GEISEL,AVENIDA HIPODROMO,S/N,RUA ANTONIO MANOEL DA COSTA,,2015,10,MS,2,-49.061,-22.315
7116756,71.692-100,DF,Brasília,UPA UNIDADE DE PRONTO ATENDIMENTO DE SAO SEBASTIAO,RESIDENCIAL OESTE,1,QD 102 CJ 1 LT 1,6133396426,2015,10,MS,3,-48.0735,-15.86048
6481876,51200-000,PE,Recife,UPA IMBIRIBEIRA,IMBIRIBEIRA,4223,AV MASCARENHAS DE MORAES,81 31844328,2015,10,MS,3,-34.91293,-8.1145
6035809,26110-260,RJ,Belford Roxo,UPA 24H BOM PASTOR BELFORD ROXO,BOM PASTOR,S/N,ESTR DE BELFORD ROXO,25617578,2015,10,MS,3,-43.36849,-22.75852
6798128,,MG,São João del Rei,UPA SAO JOAO DEL REI,CAIEIRAS,173,R MARECHAL CIRO ESPIRITO SANTO CARDOSO,,2015,10,MS,2,-44.26209,-21.1336
6512925,21061-600,RJ,Rio de Janeiro,SMS UPA 24H COMPLEXO DO ALEMAO AP 31,BONSUCESSO,221,ESTRADA DO ITARARE,,2015,10,MS,2,-43.26675,-22.86453
6851312,,MA,São Luís,UPA CIDADE OPERARIA,CIDADE OPERARIA,S/N,AV PRICIPAL AV OESTE,(098)32474558,2015,10,MS,3,-44.303,-2.53
7746180,,SP,Franca,UPA DR NEWTON NOVATO,AEROPORTO I,600,CYRO EDUARDO ROSA FALEIROS,1637216807,2015,10,MS,3,-47.40233231,-20.53609657
6938124,23.585-430,RJ,Rio de Janeiro,SMS UPA 24 H PACIENCIA AP 53,PACIENCIA,S/N,ESTRADA SANTA EUGENIA,,2015,10,MS,2,-43.34236,-22.93932
2087693,,SP,Hortolândia,UPA JD AMANDA PASTOR ENEAS DE CASTRO GAMA,JD AMANDA,1066,RUA WASHINGTOM LUIS,(19)38974485,2015,10,MS,1,-47.24056718,-22.89716389
22683,30626-002,MG,Belo Horizonte,UNIDADE DE PRONTO ATENDIMENTO BARREIRO,DIAMANTE,20,AV AURELIO LOPES,(31)32775821,2015,10,MS,3,-44.03565,-19.98497
7038895,13501-130,SP,Rio Claro,UNIDADE DE PRONTO ATENDIMENTO UPA 24 HS RIO CLARO,ESTADIO,1313,AV 29,(19) 3524-9577,2015,10,MS,2,-47.561,-22.411
6629385,23810-302,RJ,Itaguaí,UNIDADE DE PRONTO ATENDIMENTO UPA ITAGUAI,JARDIM AMERICA,0,AVENIDA DEPUTADO OTAVIO CABRAL,26879794,2015,10,MS,3,-43.77795,-22.86236
7455038,35044-150,MG,Governador Valadares,UPA 24 HORAS,VILA ISA,1681,RUA RANULFO ALVARES,33 21016100,2015,10,MS,3,-41.94316,-18.85068
6826393,,MA,São José de Ribamar,UPA PARQUE VITORIA,TURU,20,AVENIDA JOSE SANTANA QUADRA 38,,2015,10,MS,2,-44.30682,-2.53073
2033623,13574-140,SP,São Carlos,UNIDADE DE PRONTO ATENDIMENTO UPA,VILA PRADO,229,AVENIDA GRECIA,16-33712100,2015,10,MS,1,-47.89116,-22.01269
7073194,12940-000,SP,Atibaia,UPA PORTE II 24HS JD CEREJEIRAS ATIBAIA,JD CEREJEIRAS,50,PRACA ORIENTAL,11 4412-2969,2015,10,MS,2,-46.55,-23.117
7590687,,SP,São Pedro,UPA JOSE FERNANDO DA SILVA SAO PEDRO,CENTRO,162,RUA MALAQUIAS GERRA,34819270,2015,10,MS,1,-47.91467592,-22.54509099
2557096,46400-000,BA,Caetité,UNIDADE DE PRONTO ATENDIMENTO DE CAETITE,RANCHO ALEGRE,S/N,RODOVIA CAETITE GUANAMBI,(77)34548061,2015,10,MS,3,-42.50154,-14.06207
7469144,,MG,Divinópolis,UPA 24 HORAS PADRE ROBERTO CORDEIRO MARTINS,PONTE FUNDA,241,RUA NILO MACIEL,37-32213662,2015,10,MS,3,-44.86243486,-20.15686236
6986609,,PR,Maringá,UNIDADE DE PRONTO ATENDIMENTO UPA ZONA SUL,JARDIM IPANEMA,865,AVENIDA NILDO RIBEIRO DA ROCHA,32214812,2015,10,MS,3,-51.94586,-23.42564
7084307,68.696-000,PA,Tucuruí,UPA 24HS TUCURUI EROSTACIO CORREA FILOCREAO IOIO,SANTA MONICA,S/N,RUA 06,94 3787 3289,2015,10,MS,2,-49.67908325,-3.786434923
7636822,42800-100,BA,Camaçari,UPA 24HS GLEBA A GRAVATA,GLEBA A,S/N,AVENIDA DO CANAL,71 30408304,2015,10,MS,2,-38.3337847,-12.68832883
7030878,09624-070,SP,São Bernardo do Campo,UPA RUDGE RAMOS,RUDGE RAMOS,256,RUA ANGELA TOME,4368-1222,2015,10,MS,2,-46.57408732,-23.65551444
2755289,,TO,Palmas,UNIDADE DE PRONTO ATENDIMENTO NORTE,PLANO DIRETOR NORTE,S/N,203 NORTE ALAMEDA LO 06 APM 02,(63) 32185110,2015,10,MS,2,-48.33171,-10.16889
6885284,,SP,Guarujá,UPA ENSEADA PAULO FLAVIO AFONSO PIASENTI GUARUJA,ENSEADA,S/N,AVENIDA D PEDRO I,33513661,2015,10,MS,2,-46.2224865,-23.97633226
6999506,,CE,Fortaleza,UNIDADE PRONTO ATENDIMENTO AUTRAN NUNES,AUTRAN NUNES,S/N,AV FERNANDES TAVORA,32168314,2015,10,MS,2,-38.51367,-3.74539
7529368,,GO,Anápolis,UPA III DR ALAIR MAFRA ANAPOLIS GOIAS,VILA ESPERANCA,S/N,RUA 29 DE DEZEMBRO,,2015,10,MS,3,-48.95169,-16.32277
7321880,,RJ,Barra Mansa,UNIDADE DE PRONTO ATENDIMENTO EM BARRA MANSA RJ UPA,BOA VISTA I,123,ANTONIO VINTURELLI NETTO,2433409813,2015,10,MS,2,-44.16609156,-22.55882306
6426174,25820-185,RJ,Três Rios,UPA 24 HS,TRIANGULO,2100,AV ZOELLO SOLA,024 22551998,2015,10,MS,3,-43.20953,-22.11827
7665199,,MS,Corumbá,UNIDADE DE PRONTO ATENDIMENTO DR JOSE ABILIO M DE BARROS,GUATOS,S/N,LUIZ FEITOSA RODRIGUES,,2015,10,MS,1,-57.64413107,-19.0464073
7363559,96413-010,RS,Bagé,UPA PADRE HONORINO JOAO MURARO,GETULIO VARGAS,S/N,RUA FELIX CONTREIRA RODRIGUES,53 32475733,2015,10,MS,2,-54.09131527,-31.32200396
7711077,11740-000,SP,Itanhaém,UNIDADE DE PRONTO ATENDIMENTO DE ITANHAEM,SABAUNA,S/N,RUA JOSE ERNESTO BECHELLI,1334271111,2015,10,MS,1,-46.78672,-24.17666
6439993,89226-205,SC,Joinville,UPA 24 HORAS AVENTUREIRO,AVENTUREIRO,0,RUA MAFALDA LAURINDO,4734354221,2015,10,MS,3,-48.81985,-26.24315
7429398,60055-090,CE,Fortaleza,UNIDADE PRONTO ATENDIMENTO JANGURUSSU,JANGURUSSU,S/N,AV CONTORNO SUL,32952768,2015,10,MS,3,-38.53926,-3.71701
2825260,13710-817,SP,Sumaré,UNIDADE DE PRONTO ATENDIMENTO MACARENKO UPA 24H,JARDIM MACARENKO,380,RUA VINICIUS DE MORAES,19 33996100,2015,10,MS,3,-47.26096,-22.81972
6922597,25710-082,RJ,Petrópolis,UPA CASCATINHA PRONTO ATENDIMENTO 24H PETROPOLIS II,CASCATINHA,500,RUA BERNARDO PROENCA,2246-8932,2015,10,MS,3,-43.19359,-22.51924
7592191,,BA,Poções,UPA 24H VILOBALDO MACEDO,INDAIA,590,RUA SANTO ANTONIO,7734315818,2015,10,MS,1,-40.37490808,-14.5253939
2126133,32381-778,MG,Betim,UAI TERESOPOLIS,JARDIM TERESOPOLIS,154,AVENIDA BELO HORIZONTE,(31)3597.8273/8270,2015,10,MS,3,-44.12244,-19.94906
2589648,74975-385,GO,Aparecida de Goiânia,UNIDADE DE PRONTO ATENDIMENTO UPA,RESIDENCIAL BRASICON,S/N,RUA DAS ACASIA,3545 9953,2015,10,MS,3,-49.24249,-16.82468
6870066,27.521-750,RJ,Resende,UPA 24 HS RESENDE,COMERCIAL NOVA RESEN,S/N,AVENIDA ADAUTO EMILIANO SOARES,(24) 3354-5075,2015,10,MS,3,-44.45747,-22.46966
7070713,11714-630,SP,Praia Grande,UNIDADE DE PRONTO ATENDIMENTO DOUTOR CHARLES ANTUNES BECHARA,SAMAMBAIA,4000,AV MARGINAL,,2015,10,MS,3,-46.52127385,-24.03900281
6927173,40720-460,BA,Salvador,UPA DO SUBURBIO,ESCADA,S/N,LADEIRA DA TEREZINHA,71 3401-8585,2015,10,MS,3,-38.51238,-12.97038
6507409,22451-265,RJ,Rio de Janeiro,SMS UPA 24H ROCINHA AP 21,ROCINHA,522,ESTRADA DA GAVEA,33227039,2015,10,MS,2,-43.2639,-22.99731
4047184,33051-500,SP,Araraquara,UPA DR ANTONIO ALONSO MARTINEZ VILA XAVIER,VILA XAVIER,660,RUA JOSE DO PATROCINIO,,2015,10,MS,1,-48.15989,-21.78586
7041152,,PB,Pombal,UPA UNIDADE DE PRONTO ATENDIMENTO DE POMBAL,PEREIROS,S/N,RUA JAIRO VIEIRA FEITOSA,,2015,10,MS,1,-37.79572,-6.76885
6855180,47850-000,BA,Luís Eduardo Magalhães,UNIDADE DE PRONTO ATENDIMENTO UPA,MIMOSO DO OESTE,165,RUA ARNALDO HORACIO FERREIRA,36285885,2015,10,MS,1,-45.80367499,-12.08427867
7097794,57200-000,AL,Penedo,UPA II ANTONIO DE JESUS,SANTA LUZIA,S/N,RUA EUTIQUIO LOPES,,2015,10,MS,2,-36.59425735,-10.18113243
6855881,,PE,Caruaru,UPA VASSOURAL,VASSOURAL,0,RUA LUIZ GONZAGA,,2015,10,MS,2,-35.93743,-8.27833
5053293,,SP,Araras,UPA ELISA S FRANCHOZZA ARARAS,JOSE OMETTO II,400,AVENIDA IRINEU CARROCCI,35435112,2015,10,MS,2,-47.33492061,-22.35142283
2639467,,PR,Curitiba,UPA FAZENDINHA,FAZENDINHA,S/N,RUA CARLOS KLEMTZ,3329-4324,2015,10,MS,3,-49.32043,-25.47624
3936082,15130000,SP,Mirassol,UPA UNIDADE DE PRONTO ATENDIMENTO,JARDIM MARILU,2520,AV ELIEZER MAGALHAES,17-32533285,2015,10,MS,1,-49.48583,-20.81128
7094132,07500-000,SP,Santa Isabel,UNIDADE DE PRONTO ATENDIMENTO UPA I SANTA ISABEL,JAGUARI,320,RUA PRESIDENTE CASTELO BRANCO,,2015,10,MS,1,-46.221,-23.316
6272320,27210-240,RJ,Volta Redonda,UPA 24 HS VOLTA REDONDA,STO AGOSTINHO,660,RUA MIL E DEZESSETE,2433384576,2015,10,MS,3,-44.07017,-22.4887
7003692,28927-000,RJ,Cabo Frio,UNIDADE DE PRONTO ATENDIMENTO UPA II,SAMBURA,136,AV AMARAL PEIXOTO KM 136,22 26461736,2015,10,MS,2,-42.01312,-22.87722
7169310,09790-400,SP,São Bernardo do Campo,UPA SILVINA,FERRAZOPOLIS,509,AVENIDA DR JOSE FORNARI,11 43388536,2015,10,MS,2,-46.54870826,-23.72725642
7434472,,CE,Quixadá,UNIDADE DE PRONTO ATENDIMENTO 24H DR ANTONIO MAGALHAES,RENASCER,S/N,RUA DOS VOLUNTARIOS,,2015,10,MS,1,-39.03404966,-4.958677094
6834477,,GO,Rio Verde,UPA DR JOSE POVOA MENDES,JARDIM GOIAS,1900,RUA AUGUSTA BASTOS,6436202040,2015,10,MS,1,-50.93193054,-17.79511201
2546000,,SE,Simão Dias,UNIDADE DE PROTO ATENDIMENTO 24 H PEDRO VALADARES,CENTRO,S/N,RUA JULIO MANOEL DE OLIVEIRA,(079)3611-2221,2015,10,MS,1,-37.81446,-10.73227
7070640,87035-260,PR,Maringá,UNIDADE DE PRONTO ATENDIMENTO UPA ZONA NORTE,JARDIM ALVORADA,S/N,AV SOPHIA RASGULAEFF X R HIPOCRATESX R ANA NERI,,2015,10,MS,2,-51.91331863,-23.39732967
6919456,09390-140,SP,Mauá,UPA ZAIRA,JARDIM ZAIRA,1952,AVENIDA WASHINGTON LUIZ,(11)4519-4533,2015,10,MS,2,-46.43611908,-23.65081407
7427549,25210-000,RJ,Duque de Caxias,UPA INFANTIL WALTER GARCIA,CENTRO,S/N,RUA GENERAL ARGOLO,,2015,10,MS,3,-43.30798343,-22.79479991
7115652,13820-000,SP,Jaguariúna,,,,,,2015,10,MS,1,-46.986,-22.706
6037550,21910-296,RJ,Rio de Janeiro,SES UPA 24H ILHA DO GOVERNADOR AP 31,COCOTA ILHA DO GOVER,S/N,PARQUE POETA MANUEL BANDEIRA,23346346,2015,10,MS,3,-43.20958,-22.90353
7126484,15700-202,SP,Jales,UNIDADE DE PRONTO ATENDIMENTO DE JALES,JD SAMAMBAIA,2373,RUA SEBASTIAO MARTINS,17-3632-8765,2015,10,MS,1,-50.54315954,-20.26683864
6767400,,SP,Votuporanga,UNIDADE DE PRONTO ATENDIMENTO DR DIORANDI FIGUEIRA DA COSTA,PARQUE VILA SAUDE,2701,RUA JOAO RODRIGUES AGOSTINHO,(17)34051446,2015,10,MS,1,-49.97829,-20.42034
2389061,,RN,Mossoró,UPA TARCISIO DE VASCONCELOS MAIA,SAO MANOEL,S/N,RUA MARIAZINHA MENDES,84 3315-4745,2015,10,MS,1,-37.3376,-5.20973
7640307,19.813-178,SP,Assis,UPA RUY SILVA,JD AEROPORTO,670,RUA OSMAR LUCHINI,(18)33225619,2015,10,MS,2,-50.40870667,-22.664393
4340,41610-640,BA,Salvador,UPA 24H DR HELIO MACHADO,ITAPUA,S/N,RUA DA CACIMBA,(71) 3611-7118,2015,10,MS,3,-38.36644,-12.94725
7299729,,TO,Porto Nacional,UPA UNIDADE DE PRONTO ATENDIMENTO DE PORTO NACIONAL,NOVA CAPITAL,S/N,RUA MARIA ANGELICA DA SILVA PRADO,,2015,10,MS,1,-48.40360505,-10.69033107
7459750,,AM,Tabatinga,UNIDADE DE PRONTO ATENDIMENTO 24H TABATINGA UPA TABATINGA,VILAPARAISO,S/N,RUA CORONEL BERG,,2015,10,MS,1,-69.7644353,-4.049983
6571573,36070-060,MG,Juiz de Fora,UPA SAO PEDRO,SAO PEDRO,129,RUA MAJOR LINO LIMA,(32)3250-1400,2015,10,MS,3,-43.38468,-21.77431
7360851,,CE,Fortaleza,UNIDADE PRONTO ATENDIMENTO CONJUNTO CEARA,CONJUNTO CEARA,S/N,RUA 860,3216 8316,2015,10,MS,2,-38.543,-3.717
7152574,06273-050,SP,Osasco,UPA JOSE CAMPOS BARRETO ZEQUINHA BARRETO,VILA MENCK,822,RUA DR ALBERT JACKSON BYNGTON,36831725 - 3683-1847,2015,10,MS,3,-46.76841802,-23.49717051
6487815,21852-370,RJ,Rio de Janeiro,SMS UPA 24H VILA KENNEDY AP 51,VILA KENNEDY,S/N,PRACA DOLOMITAS,21 2405-0303,2015,10,MS,2,-43.20958,-22.90353
7463227,,PR,Guarapuava,UPA 24H BATEL,BATEL,1701,RUA BARAO DO CAPANEMA,42 36239719,2015,10,MS,1,-51.47625511,-25.39871203
7206445,14150-000,SP,Serrana,UPA DR GERALDO C P REIS,JD ROMULO MONTANARI,235,GABRIEL JOSE DO VALE,(16) 3987-1513,2015,10,MS,1,-47.60264397,-21.20809887
7078730,72630-250,DF,Brasília,UPA RECANTO DAS EMAS,RECANTO DAS EMAS,1,EQ 400 600 AREA ESPECIAL RECANTO DAS EMAS,,2015,10,MS,3,-47.93,-15.78
7057334,47640-000,BA,Santa Maria da Vitória,UPA 24 HORAS SANTA MARIA DA VITORIA,AABB,S/N,RUA JEREMIAS RODRIGUES DA SILVA,77 3483 4884,2015,10,MS,1,-44.19038,-13.37309
7164440,24943-195,RJ,Maricá,UPA MARICA 24H,INOA,S/N,RUA EUCLIDES DE PAULO DA SILVA,21-26367228,2015,10,MS,3,-42.819,-22.919
7396368,,CE,Tauá,UPA DRA LEILA MARIA ALEXANDRINO CIDRAO FEITOSA,NOVA ALDEOTA,494,AV CHERMONN ALVES DE OLIVEIRA,(88)34372016,2015,10,MS,1,-40.28909,-6.00186
7047517,09132-150,SP,Santo André,UPA JARDIM SANTO ANDRE,JARDIM SANTO ANDRE,2011,RUA DOS DOMINICANOS,4451-2689,2015,10,MS,3,-46.49579276,-23.70731629
2422077,49000-800,SE,Porto da Folha,UNIDADE DE PRONTO ATENDIMENTO 24 H DR FRANCISCO ROLLEMBERG,CENTRO,226,PRACA ANTONIO PINTO DE REZENDE,,2015,10,MS,1,-37.278,-9.90948
7135173,11750-000,SP,Peruíbe,UNIDADE DE PRONTO ATENDIMENTO DE PERUIBE UPA24H,PARQUE DAVILLE,S/N,AVENIDADE TEREZINHA RODRIGUES KALLIL,13 34541589,2015,10,MS,1,-46.998,-24.32
7061773,37048-360,MG,Varginha,UPA FRANCISCO CORREA DE CARVALHO,PADRE VITOR,113,AVENIDA FARMACEUTICO JAIR SANTANA,,2015,10,MS,3,-45.43,-21.551
6849636,,PR,São José dos Pinhais,UPA AFONSO PENA,AFONSO PENA,460,RUA FRANCISCA DE SOUZA CORTES,41 3385 - 3502,2015,10,MS,3,-49.16988674,-25.49795529
7434308,60055-000,CE,Fortaleza,UNIDADE PRONTO ATENDIMENTO CRISTO REDENTOR,JACARECANGA,S/N,AV PRESIDENTE CASTELO BRANCO,31952768,2015,10,MS,3,-38.53926,-3.71701
7389272,,CE,Ubajara,UNIDADE DE PRONTO ATENDIMENTO DE SAO BENEDITO,CORRENTE,S/N,AVENIDA TABAJARA,,2015,10,MS,1,-40.85915,-4.04265
6855334,,RJ,Itaperuna,UPA ITAPERUNA,CIDADE NOVA,1,RUA E,22 38224657,2015,10,MS,3,-41.88956,-21.20652
7408765,,RN,Natal,UPA 24H ESPERANCA,CIDADE DA ESPERANCA,S/N,AVENIDA PARAIBA,32322378,2015,10,MS,3,-35.23667336,-5.824572543
7260784,66821-000,PA,Belém,UPA DAICO,PARQUE GUAJARA,0,RODOVIA AUGUSTO MONTENEGRO KM 11,(091) 3247-8334,2015,10,MS,3,-48.45464735,-1.316107452
7065299,,GO,Ceres,UPA II DR JAIR DINOAH DE ARAUJO,CENTRO,1425,AV BERNARDO SAYAO,,2015,10,MS,2,-49.59248,-15.30508
6929583,,MA,Imperatriz,UPA IMPERATRIZ,NOV IMPERATRIZ,968,AVENIDA BERNARDO SAYAO,,2015,10,MS,2,-47.47267,-5.5208
6893295,,CE,Maranguape,UPA 24HS MARANGUAPE,NOVO MARANGUAPE,0,RODOVIA SENADOR ALMIR PINTO,8533415088,2015,10,MS,2,-38.68187,-3.89066
7501366,,CE,Juazeiro do Norte,UNIDADE DE PRONTO ATENDIMENTO UPA LIMOEIRO,LIMOEIRO,S/N,CAPITAO DOMINGOS,8835124696,2015,10,MS,3,-39.30932,-7.20796
2061767,,SP,Piracicaba,UPA VILA SONIA NESTOR LONGATTO PIRACICABA,VILA SONIA,106,RUA BRIGADEIRO EDUARDO GOMES,(19) 3425-3284,2015,10,MS,2,-47.69336,-22.67106
6995160,40411-900,BA,Salvador,UPA DE ROMA,ROMA,1153,R BARAO DE COTEGIPE,(71) 3316-8600,2015,10,MS,3,-38.51238,-12.97038
7111924,71732-010,DF,Brasília,UPA UNIDADE DE PRONTO ATENDIMENTO NUCLEO BANDEIRANTE,NUCLEO BANDEIRANTE,180,DF 075 KM 180 PLACA DAS MERCEDES,33866619,2015,10,MS,3,-47.88586,-15.7958
6712169,83025-010,PR,São José dos Pinhais,UPA RUI BARBOSA,COLONIA RIO GRANDE,10471,AVENIDA RUI BARBOSA,(41) 3398 - 2710,2015,10,MS,1,-49.20733,-25.5493
6737633,47600-000,BA,Bom Jesus da Lapa,UPA 24H BOM JESUS DA LAPA,SAO MIGUEL,244,RUA L,77 3481 7907,2015,10,MS,1,-43.41591,-13.2575
7054254,,RS,Canoas,UPA 24 HORAS RIO BRANCO,RIO BRANCO,500,CAIRU,(51)3415-4500,2015,10,MS,2,-51.184,-29.918
10049,,MS,Campo Grande,UPA DR WALFRIDO ARRUDA CORONEL ANTONINO,CORONEL ANTONINO,S/N,RUA DR MEIRELES,67-33144191/33144195,2015,10,MS,3,-54.60354,-20.4322
7085400,83708-695,PR,Araucária,UNIDADE DE PRONTO ATENDIMENTO DE ARAUCARIA,COSTEIRA,1,RUA AUGUSTO RIBEIRO DOS SANTOS,39056313,2015,10,MS,3,-49.41,-25.593
7561792,,PB,João Pessoa,UNIDADE DE PRONTO ATENDIMENTO CELIO PIRES DE SA,VALENTINA,1,RUA ESTEVAM LOPES GALVAO,3237-7880,2015,10,MS,2,-34.84620401,-7.19860776
6629989,,RJ,Campos dos Goytacazes,SES RJ UPA 24H CAMPOS DOS GOYTACAZES,PARQUE VERA CRUZ,200,SOUZA MOTA,,2015,10,MS,3,-41.30985,-21.70481
7445032,,RS,Lajeado,UNIDADE DE PRONTO ATENDIMENTO DE LAJEADO UPA 24H,MOINHOS DAGUA,3480,RUA CARLOS SPOHR FILHO,(51) 3982-1473,2015,10,MS,2,-52.00507164,-29.46112263
6822576,17063-060,SP,Bauru,UPA BELA VISTA,VILA LEMOS,4,RUA MARCAL DE ARRUDA CAMPOS,3109-2460,2015,10,MS,3,-49.08925,-22.3087
7449135,,RJ,Magé,SES RJ UPA 24H MAGE,PIABETA,S/N,RUA A,,2015,10,MS,3,-43.03774,-22.65169
7102429,09405-390,SP,Ribeirão Pires,UPA SANTA LUZIA,SANTA LUZIA,2959,ESTRADA DA COLONIA,48228000,2015,10,MS,2,-46.413,-23.711
2164175,,MG,Santa Luzia,UNIDADE DE PRONTO ATENDIMENTO DE SAO BENEDITO,SAO BENEDITO,1052,RUA SENHOR DO BONFIM,(31)36371992,2015,10,MS,2,-43.93280201,-19.78444184
5955645,21870-210,RJ,Rio de Janeiro,SES RJ UPA 24H BANGU,BANGU,S/N,RUA FIGUEIREDO CAMARGO,24195816,2015,10,MS,3,-43.45795,-22.87133
7068824,,SP,Cajamar,UPA UNIDADE DE PRONTO ATENDIMENTO,JORDANESIA,253,RUA ALFREDO DELL VIGNA,(11)44474058,2015,10,MS,1,-46.83905393,-23.33821944
6914624,,PR,Castro,UNIDADE DE PRONTO ATENDIMENTO MOACIR ELIAS FADEL,RIO BRANCO,S/N,PROLONGAMENTO DA RUA ANTONIO MENARIM,4239062288,2015,10,MS,2,-49.9947,-24.78745
4042751,37900-048,MG,Passos,UNIDADE DE PRONTO ATENDIMENTO UPA,SANTA LUZIA,1629,RUA BARAO DE PASSOS,(35)3522 7171,2015,10,MS,3,-46.6086,-20.73101
6443370,53600-000,PE,Igarassu,UPA IGARASSU,CENTRO,S/N,RODOVIA BR 101 NORTE KM 47,(81) 31844278/4280,2015,10,MS,3,-34.90635,-7.83437